brand,aggregateRating/reviewCount,offers/price,depth,width,aggregateRating/ratingValue
4,1.608239514835605,-6.438062071607957e-07,-0.2779230900354572,0.13840861778653832,3
4,1.1276731126227169,-6.438062071607957e-07,-0.14974940336689957,0.6982912680859001,2
8,-0.24647659972899574,-6.438062071607957e-07,-0.3365167753696551,0.18639855924076945,3
10,1.2955818555645693,-6.438062071607957e-07,-0.6514578340409681,-0.1367337132177193,3
10,0.3228691378324582,-6.438062071607957e-07,-0.32186835403610525,0.055226052599204635,3
4,1.3303215954835732,-6.438062071607957e-07,0.08462533796989194,0.6790952915042081,3
8,-0.0882177845424221,-6.438062071607957e-07,1.644682209992909,-0.8437855173100565,3
8,0.849755193270685,-6.438062071607957e-07,-0.3365167753696551,0.18639855924076945,3
13,0.5042877796317011,-6.438062071607957e-07,1.5787643139919365,-0.9429647296488002,3
3,0.2089999903201674,-6.438062071607957e-07,1.0953664099848044,-0.9749580239516208,3
13,0.42901834314052584,-6.438062071607957e-07,1.5787643139919365,-0.9429647296488002,3
6,2.8492202241644686,-6.438062071607957e-07,-0.5049736207054735,0.24078715955556457,3
6,1.737548546756342,-6.438062071607957e-07,-0.25228835270174554,0.6854939503647721,3
1,0.17040027929905188,0.036641049973098264,0.49111902997588913,0.7206865740978747,2
8,5.829117914994587,-6.438062071607957e-07,0.1102600753036036,0.7462812095401312,3
6,3.219777449967178,-6.438062071607957e-07,-0.25228835270174554,0.6854939503647721,3
6,1.1296030981737726,-6.438062071607957e-07,0.18350218197135063,1.1717920237676462,3
6,2.673591539018393,-6.438062071607957e-07,-0.5049736207054735,0.24078715955556457,3
6,2.440063287340644,-6.438062071607957e-07,-0.05453466469882817,0.6982912680859001,3
6,2.137055555824887,-6.438062071607957e-07,-0.142425192700125,0.7174872446675927,2
4,-0.28700629630116703,-6.438062071607957e-07,-0.37679993403691586,0.25998313613725715,1
10,0.01986140631670135,-6.438062071607957e-07,-0.028899927365116523,0.47113887853587366,2
6,7.672254116252853,-6.438062071607957e-07,-0.2998957220357815,0.26638179499782116,1
10,0.5062177651827569,0.0716211872325783,-0.5415946740393476,-0.20072030182336043,3
9,-0.48000485140674465,-6.438062071607957e-07,-3.2881736740798706,0.9542376225084658,1
4,-0.25419654193321883,-6.438062071607957e-07,-0.22665361536803386,0.5255274788506687,2
8,2.416903460727975,-6.438062071607957e-07,0.06265270596956758,0.7462812095401312,3
8,1.8549963374303747e-06,-6.438062071607957e-07,1.600736945992261,-0.6998156929473631,1
8,0.6818464503288325,-6.438062071607957e-07,0.06265270596956758,0.7462812095401312,3
6,0.996434095150924,-6.438062071607957e-07,-0.25228835270174554,0.6854939503647721,3
9,-0.4645649669982984,-6.438062071607957e-07,-3.2881736740798706,0.9542376225084658,2
10,0.5062177651827569,0.0716211872325783,-0.5415946740393476,-0.20072030182336043,3
10,0.5062177651827569,-6.438062071607957e-07,-0.5415946740393476,-0.20072030182336043,3
6,7.674184101803909,-6.438062071607957e-07,-0.2998957220357815,0.26638179499782116,1
8,-0.25226655638216305,-6.438062071607957e-07,0.19448849797151313,0.6886932797950541,2
6,0.5081477507338127,-6.438062071607957e-07,0.0956116539700538,0.6854939503647721,2
8,-0.04961807352130659,-6.438062071607957e-07,-0.22665361536803386,0.18959788867105146,2
4,-0.09014777009347788,-6.438062071607957e-07,-0.6697683607079052,-0.09514243062405217,1
3,1.1392530259290514,-6.438062071607957e-07,1.1466358846522275,-1.0965325423023395,2
4,-0.1596272499314858,-6.438062071607957e-07,0.08462533796989194,0.6790952915042081,3
6,7.674184101803909,-6.438062071607957e-07,-0.2998957220357815,0.26638179499782116,1
3,0.5737672594697091,-6.438062071607957e-07,1.5934127353254857,-0.8533835056009025,3
10,-0.356485776139175,-6.438062071607957e-07,1.1136769366517414,-0.9173700942065436,2
9,-0.304376166260669,-6.438062071607957e-07,-3.2881736740798706,0.9542376225084658,2
6,1.650699196958832,-6.438062071607957e-07,-0.05453466469882817,0.6982912680859001,2
10,-0.4742148947535773,3.7445355994779823,1.1136769366517414,-0.9173700942065436,1
4,0.8902848898428564,-6.438062071607957e-07,-0.2779230900354572,0.13840861778653832,2
10,-0.06312797237869702,-6.438062071607957e-07,0.4654842926421775,-1.2181070606530584,3
6,1.0446837339273185,-6.438062071607957e-07,0.17251586597118876,1.2325792829430053,3
11,1.8549963374303747e-06,0.5963232461247789,-0.24862624736835823,0.023232758296384073,1
3,0.8169454389027369,-6.438062071607957e-07,1.5934127353254857,-0.8533835056009025,2
6,0.24180974468811559,-6.438062071607957e-07,-0.7613209940425893,-0.26470689042900214,1
8,1.9479169718214215,-6.438062071607957e-07,1.1466358846522275,-1.0901338834417755,1
8,-0.4877247936109677,-1.4325247149250635,-0.4939873047053116,0.23438850069500058,3
8,-0.4819348369578004,-1.4150346462953236,1.3077685193212714,-0.8885761293340051,2
10,-0.4240352704261271,-6.438062071607957e-07,-0.028899927365116523,0.47113887853587366,3
9,-0.4742148947535773,-6.438062071607957e-07,-3.365077886081005,0.6630986443527975,1
8,1.8549963374303747e-06,0.0716211872325783,-0.4024346713706275,0.026432087726666074,1
3,0.96169435523192,-6.438062071607957e-07,1.0953664099848044,-0.9749580239516208,3
8,0.30742925342401195,-6.438062071607957e-07,-0.2779230900354572,0.2823784421492317,3
3,-0.4896547791620235,-6.438062071607957e-07,0.051666389969405715,0.7014905975161821,3
10,0.772555771228454,-0.6279815579570226,-0.5415946740393476,-0.20072030182336043,3
1,0.9308145864150276,-1.4150346462953236,0.0003969153019824143,0.0008374522844095102,2
6,-0.4877247936109677,-6.438062071607957e-07,-0.365813618036754,0.1352092883562563,3
8,1.5156002083849278,-6.438062071607957e-07,-0.13510098203334978,0.7078892563767467,3
13,-0.2677064407906093,-6.438062071607957e-07,1.5787643139919365,-0.6614237397839786,2
9,-0.4819348369578004,-6.438062071607957e-07,-3.3138084114135817,0.6630986443527975,2
8,-0.32560600732228256,-6.438062071607957e-07,0.06997691663634215,0.3079730775914883,3
4,-0.14804733662515115,-6.438062071607957e-07,-0.2779230900354572,0.13840861778653832,2
1,0.1761902359522192,-6.438062071607957e-07,0.0003969153019824143,0.0008374522844095102,2
3,0.22057990362650204,-6.438062071607957e-07,-0.03988624336527838,0.6566999854922336,2
3,-0.3757856316497327,-6.438062071607957e-07,-0.2669367740352953,0.12241197063512833,2
6,7.674184101803909,-6.438062071607957e-07,-0.2998957220357815,0.26638179499782116,1
8,5.829117914994587,-6.438062071607957e-07,0.1102600753036036,0.7462812095401312,3
8,-0.4838648225088562,-0.7154319011057226,0.026031652635694066,-3.5664148624800958,3
11,-0.1287474811145934,-6.438062071607957e-07,0.0003969153019824143,0.0008374522844095102,2
10,0.772555771228454,-6.438062071607957e-07,-0.5415946740393476,-0.20072030182336043,3
6,1.8549963374303747e-06,1.0160848932385396,-0.6148367807070947,0.023232758296384073,1
8,-0.11330759670614719,-6.438062071607957e-07,0.2750548153060347,0.7142879152373107,2
11,-0.2252467586673822,-0.7154319011057226,0.0003969153019824143,0.0008374522844095102,1
13,1.150832939235386,-6.438062071607957e-07,1.571440103325162,-0.9429647296488002,2
8,1.8549963374303747e-06,-0.925312724662603,0.1102600753036036,0.6662979737830795,1
3,-0.47228490920252153,-6.438062071607957e-07,-0.7906178367096882,-0.3030988435923867,1
9,-0.47228490920252153,-6.438062071607957e-07,-3.3028220954134198,0.6566999854922336,3
3,-0.46263498144724263,0.0716211872325783,-0.32186835403610525,0.10641532348371777,1
6,-0.4452651114877407,-1.6301624904411258,-0.13876308736673706,0.43914558423305305,1
8,1.6526291825098878,-6.438062071607957e-07,0.06265270596956758,0.7462812095401312,3
8,1.8549963374303747e-06,-0.4181007344001423,2.9740264460125223,-0.23271359612618156,1
4,-0.22331677311632642,-6.438062071607957e-07,-0.15707361403367415,0.6982912680859001,2
12,-0.4896547791620235,-6.438062071607957e-07,1.575102208658549,-0.7414069755410303,3
6,-0.38157558830290006,-6.438062071607957e-07,-0.25228835270174554,0.6854939503647721,3
11,-0.15769726438043005,-6.438062071607957e-07,0.0003969153019824143,0.0008374522844095102,2
10,0.772555771228454,-6.438062071607957e-07,-0.5415946740393476,-0.20072030182336043,3
10,0.5062177651827569,-6.438062071607957e-07,-0.5415946740393476,-0.20072030182336043,3
9,-0.4877247936109677,-6.438062071607957e-07,-3.3138084114135817,0.11921264120484633,3
3,1.212592476869171,-6.438062071607957e-07,1.575102208658549,-0.7126130106684917,2
3,1.3283916099325175,-6.438062071607957e-07,1.571440103325162,-0.642227763202286,2
10,-0.16348722103359736,-6.438062071607957e-07,-0.32186835403610525,0.055226052599204635,3
10,0.32479912338351397,-6.438062071607957e-07,-0.32186835403610525,0.055226052599204635,3
10,0.32479912338351397,-6.438062071607957e-07,-0.32186835403610525,0.055226052599204635,3
10,-0.059268001276585464,-6.438062071607957e-07,0.5936579793107357,-1.192512425210802,3
11,-0.21559683091210333,-6.438062071607957e-07,0.0003969153019824143,0.0008374522844095102,2
6,3.5536649502998268,-6.438062071607957e-07,-0.25228835270174554,0.6854939503647721,3
10,-0.16348722103359736,-6.438062071607957e-07,-0.32186835403610525,0.055226052599204635,3
10,-0.16348722103359736,-6.438062071607957e-07,-0.32186835403610525,0.055226052599204635,3
10,0.32479912338351397,-6.438062071607957e-07,-0.32186835403610525,0.055226052599204635,3
1,-0.22138678756527064,-0.36563052851092226,0.49111902997588913,0.7206865740978747,3
6,0.8304553377601273,-6.438062071607957e-07,-0.515959936705636,0.24078715955556457,2
4,-0.1769971198909878,-6.438062071607957e-07,0.41055271264136756,0.6854939503647721,2
13,-0.40473541491556936,-6.438062071607957e-07,1.5787643139919365,-0.6614237397839786,1
10,-0.3198160506691152,-6.438062071607957e-07,-0.028899927365116523,0.47113887853587366,3
12,-0.42789524152823866,-6.438062071607957e-07,1.575102208658549,-0.7414069755410303,1
10,-0.16348722103359736,-6.438062071607957e-07,-0.32186835403610525,0.055226052599204635,3
13,-0.28700629630116703,-6.438062071607957e-07,3.1205106593480165,-0.7446063049713123,3
2,-0.024528261357581498,-6.438062071607957e-07,1.0660695673177054,1.3509544718634416,1
12,-0.398945458262402,-6.438062071607957e-07,-0.3731378287035286,0.21199319468302602,1
10,-0.4838648225088562,0.08038371161607805,-0.5415946740393476,-0.20072030182336043,3
10,-0.18857703319732247,-6.438062071607957e-07,-0.028899927365116523,0.47113887853587366,3
3,1.0678435605399876,-6.438062071607957e-07,0.051666389969405715,0.7014905975161821,3
10,-0.16348722103359736,-6.438062071607957e-07,-0.32186835403610525,0.055226052599204635,3
10,0.16075035154377298,-6.438062071607957e-07,-0.32186835403610525,0.055226052599204635,2
3,-0.3757856316497327,-6.438062071607957e-07,-0.2669367740352953,0.12241197063512833,1
8,0.21285996142227895,-6.438062071607957e-07,-0.22665361536803386,0.18959788867105146,3
3,0.867125063230187,-6.438062071607957e-07,-0.2669367740352953,0.12241197063512833,2
6,-0.4645649669982984,-6.438062071607957e-07,-0.2705988793686826,0.13840861778653832,2
13,0.5467474617549282,-6.438062071607957e-07,1.5787643139919365,-0.639028433772004,2
4,-0.18085709099309935,-6.438062071607957e-07,-0.6734304660412925,-0.09514243062405217,2
10,-0.06312797237869702,-6.438062071607957e-07,0.4654842926421775,-1.2181070606530584,3
10,-0.18857703319732247,-6.438062071607957e-07,-0.028899927365116523,0.47113887853587366,3
8,-0.24454661417793996,-6.438062071607957e-07,0.06265270596956758,0.7462812095401312,3
1,-0.3198160506691152,1.2084756481656798,0.4398495553084665,0.7110885858070287,1
8,-0.11137761115509141,-6.438062071607957e-07,-0.6038504647069328,-0.047152489169821614,2
10,-0.06312797237869702,-6.438062071607957e-07,0.4654842926421775,-1.2181070606530584,3
8,-0.35841576169023076,-6.438062071607957e-07,0.20913691930506226,0.7622778566915418,1
11,-0.2812163396479997,-0.8903325874031229,0.0003969153019824143,0.0008374522844095102,1
4,-0.28314632519905547,-6.438062071607957e-07,-0.22665361536803386,0.5255274788506687,2
10,-0.06312797237869702,-6.438062071607957e-07,0.4654842926421775,-1.2181070606530584,3
4,-0.1364674233188165,-6.438062071607957e-07,0.08462533796989194,0.6790952915042081,2
8,0.3653288199556852,-6.438062071607957e-07,-0.4024346713706275,0.013634770005538076,3
13,-0.4877247936109677,-6.438062071607957e-07,1.5970748406588728,-0.9301674119276722,1
10,0.772555771228454,-6.438062071607957e-07,-0.5415946740393476,-0.20072030182336043,3
6,0.23794977358600403,-6.438062071607957e-07,-0.365813618036754,-0.06314913632123162,2
8,-0.175067134339932,-6.438062071607957e-07,-0.4024346713706275,0.013634770005538076,3
8,-0.44912508258985223,-6.438062071607957e-07,-0.6038504647069328,-0.047152489169821614,2
7,0.3286590944856255,-6.438062071607957e-07,0.19448849797151313,0.8326631041577469,3
6,1.2743520145029557,-6.438062071607957e-07,0.26406849930587284,0.6918926092253361,2
4,-0.001368434744912186,-6.438062071607957e-07,-0.2779230900354572,0.13840861778653832,2
3,-0.4896547791620235,-6.438062071607957e-07,-3.1014063020771143,-0.11433840720574474,3
6,0.19549009146277696,-6.438062071607957e-07,-0.515959936705636,0.24078715955556457,2
1,-0.2580565130353304,-6.438062071607957e-07,0.9488821966493096,1.2837685538275185,2
8,-0.05154805907236236,-6.438062071607957e-07,-0.3511651967032042,0.31757106588233425,2
10,-0.3777156172007885,-6.438062071607957e-07,-0.5415946740393476,-0.20072030182336043,2
4,-0.23875665752477263,-6.438062071607957e-07,0.41055271264136756,0.6854939503647721,1
7,-0.2561265274842746,-6.438062071607957e-07,0.19448849797151313,0.8326631041577469,3
8,0.2881293979134542,-6.438062071607957e-07,-0.142425192700125,0.7206865740978747,1
4,0.2089999903201674,-6.438062071607957e-07,0.08462533796989194,0.6790952915042081,3
6,-0.11909755335931452,-6.438062071607957e-07,-0.006927295364792157,0.6918926092253361,3
2,0.3633988344046295,-6.438062071607957e-07,0.6339411379779966,0.823065115866901,2
6,1.625609384795107,-6.438062071607957e-07,0.1322327073039273,0.6918926092253361,3
1,0.32479912338351397,-6.438062071607957e-07,0.49111902997588913,0.7206865740978747,3
12,-0.398945458262402,-6.438062071607957e-07,-0.3731378287035286,0.21199319468302602,1
4,-0.20015694650365712,-6.438062071607957e-07,-0.22665361536803386,0.5255274788506687,2
8,-0.4317552126303502,-6.438062071607957e-07,-0.4024346713706275,0.023232758296384073,1
8,-0.13260745221670495,-6.438062071607957e-07,0.20913691930506226,0.7142879152373107,2
6,-0.433685198181406,-6.438062071607957e-07,-0.7869557313763007,-0.32549414960436124,2
8,1.8549963374303747e-06,-1.1526836168492232,0.07363902196973009,0.6694973032133615,1
4,1.8549963374303747e-06,-0.0158291559161218,0.41055271264136756,0.6854939503647721,1
3,-0.4896547791620235,-6.438062071607957e-07,0.051666389969405715,0.7270852329584387,1
3,-0.4896547791620235,-6.438062071607957e-07,0.0003969153019824143,0.0008374522844095102,3
3,-0.4838648225088562,-6.438062071607957e-07,-0.32186835403610525,0.10641532348371777,3
6,0.34795894999618326,-6.438062071607957e-07,-0.006927295364792157,0.6918926092253361,3
6,1.8549963374303747e-06,-1.016261081537251,-0.24862624736835823,0.6630986443527975,1
3,-0.4085953860176809,-6.438062071607957e-07,1.571440103325162,-0.642227763202286,3
7,0.2089999903201674,-6.438062071607957e-07,0.19448849797151313,0.8326631041577469,2
3,-0.43947515483457333,-6.438062071607957e-07,-0.16805993003383599,0.7174872446675927,2
8,-0.48579480805991193,-6.438062071607957e-07,0.20913691930506226,0.7622778566915418,3
8,-0.4877247936109677,-1.775330060067968,-0.142425192700125,0.7206865740978747,1
2,-0.47807486585568887,-6.438062071607957e-07,0.6339411379779966,0.7782745038429518,1
6,-0.4838648225088562,-6.438062071607957e-07,0.19082639263812518,1.2005859886401848,2
3,0.5737672594697091,-6.438062071607957e-07,1.571440103325162,-0.642227763202286,3
3,-0.46842493810040997,-6.438062071607957e-07,1.575102208658549,-0.7542042932621582,1
13,-0.1847170620952109,-6.438062071607957e-07,0.8426811419810764,-1.2724956609678533,3
5,-0.4819348369578004,-6.438062071607957e-07,0.11758428597037816,1.2069846475007489,1
6,-0.4896547791620235,-0.45308087165962235,-0.24862624736835823,0.6630986443527975,3
2,-0.4452651114877407,-6.438062071607957e-07,1.0660695673177054,1.3509544718634416,1
3,-0.43754516928351755,-6.438062071607957e-07,-0.2705988793686826,0.11281398234428176,2
4,-0.30630615181172477,-6.438062071607957e-07,0.08462533796989194,0.6790952915042081,3
3,-0.43754516928351755,-6.438062071607957e-07,1.575102208658549,-0.7126130106684917,1
3,-0.4182453137729598,-6.438062071607957e-07,0.520415872642988,-0.11433840720574474,2
7,-0.3854355594050116,-6.438062071607957e-07,0.3336485006402326,0.6758959620739255,2
12,-0.4877247936109677,-6.438062071607957e-07,-0.3731378287035286,0.21199319468302602,3
3,-0.48579480805991193,-6.438062071607957e-07,0.6925348233121944,1.2101839769310314,3
5,1.8549963374303747e-06,0.0716211872325783,0.26406849930587284,0.7270852329584387,1
3,-0.41631532822190404,-6.438062071607957e-07,1.575102208658549,-0.7126130106684917,1
3,-0.4838648225088562,-6.438062071607957e-07,0.0003969153019824143,0.0008374522844095102,3
4,-0.48000485140674465,-1.3363293374614935,0.0003969153019824143,0.0008374522844095102,3
8,-0.46263498144724263,-6.438062071607957e-07,-0.32186835403610525,0.3015744187309237,2
4,-0.4761448803046331,-6.438062071607957e-07,0.02969375796908135,0.8998490221936707,3
6,-0.4877247936109677,-1.5077320100329457,0.0003969153019824143,0.0008374522844095102,3
4,-0.4742148947535773,-0.8466074158287729,0.0003969153019824143,0.0008374522844095102,1
6,-0.2985862096075017,-6.438062071607957e-07,-0.365813618036754,-0.06314913632123162,3
3,-0.4877247936109677,-6.438062071607957e-07,0.048004284636018434,0.7014905975161821,2
3,-0.4896547791620235,-6.438062071607957e-07,1.5091843126575768,1.9748237107684457,3
8,-0.4838648225088562,-0.20821991084326205,0.026031652635694066,-3.5664148624800958,2
8,-0.4877247936109677,-0.43559080302988235,0.026031652635694066,0.6694973032133615,3
3,-0.4028054293645136,-6.438062071607957e-07,-0.03988624336527838,0.6566999854922336,2
4,-0.4664949525493542,-1.4605088247326476,-0.24862624736835823,0.3751589956274114,2
8,1.8549963374303747e-06,-0.20821991084326205,-0.38412414470369044,-3.58881016849207,1
10,1.8549963374303747e-06,-0.2781801853622221,0.4654842926421775,-1.2181070606530584,1
10,-0.48000485140674465,-6.438062071607957e-07,-0.25595045803513283,0.25358447727669314,1
3,-0.4896547791620235,-6.438062071607957e-07,0.6925348233121944,1.2101839769310314,3
3,-0.48579480805991193,-6.438062071607957e-07,-0.3291925647028805,0.2375878301252826,3
6,-0.4877247936109677,-6.438062071607957e-07,1.7765180019948539,-0.5494472097241058,3
10,-0.33911590617967297,-6.438062071607957e-07,-0.5415946740393476,-0.20072030182336043,2
4,-0.47228490920252153,-1.3100942345168833,0.0003969153019824143,0.0008374522844095102,1
4,-0.4877247936109677,-0.08578943043508189,-0.6148367807070947,0.023232758296384073,3
6,-0.4105253715687367,-1.4849949208142836,-0.1277767713665752,0.47113887853587366,1
3,-0.4452651114877407,-6.438062071607957e-07,-0.2705988793686826,0.11281398234428176,1
4,-0.48579480805991193,-0.3131603226217022,-0.24862624736835823,0.6630986443527975,3
3,-0.4742148947535773,-6.438062071607957e-07,0.048004284636018434,0.7014905975161821,3
3,-0.47807486585568887,-6.438062071607957e-07,0.520415872642988,1.1589947060465182,3
3,-0.4568450247940753,-6.438062071607957e-07,-0.42440730337095184,-0.08554444233320618,1
11,-0.27156641189272085,-0.8028822442544228,0.11392218063699087,0.7046899269464647,2
6,-0.48579480805991193,-6.438062071607957e-07,-0.0032651900314048716,0.6790952915042081,3
8,-0.4877247936109677,-6.438062071607957e-07,-0.3365167753696551,-3.624002792225173,3
10,-0.48579480805991193,4.104848503319257,1.1136769366517414,-0.9173700942065436,3
12,-0.48000485140674465,-6.438062071607957e-07,-3.258876831412772,1.1589947060465182,1
1,-0.4896547791620235,-0.10327949906482191,-0.24862624736835823,0.023232758296384073,3
12,-0.43754516928351755,-6.438062071607957e-07,0.4252011339749167,1.2101839769310314,2
8,-0.48579480805991193,-1.4500147835548036,-0.4353936193711137,0.26638179499782116,3
8,0.772555771228454,-6.438062071607957e-07,0.06265270596956758,0.7462812095401312,3
3,-0.4587750103451311,-6.438062071607957e-07,0.048004284636018434,0.7174872446675927,3
1,-0.4877247936109677,-1.7018717718230598,0.0003969153019824143,0.0008374522844095102,2
11,-0.4877247936109677,1.6457273639091798,0.549712715310087,0.6822946209344901,2
4,-0.48000485140674465,-0.0158291559161218,-0.24862624736835823,0.6630986443527975,2
6,-0.4645649669982984,-6.438062071607957e-07,-0.2705988793686826,0.13840861778653832,2
8,1.8549963374303747e-06,-0.6279815579570226,2.9740264460125223,-0.23271359612618156,1
11,1.8549963374303747e-06,0.5963232461247789,3.651515932689184,-1.0965325423023395,1
8,1.8549963374303747e-06,-0.6454716265867626,3.669826459356121,0.18319922981048745,1
5,-0.4838648225088562,-6.438062071607957e-07,0.520415872642988,1.2069846475007489,3
12,-0.4877247936109677,-6.438062071607957e-07,1.575102208658549,-0.7414069755410303,2
4,-0.46842493810040997,-1.4080386188434275,0.0003969153019824143,0.0008374522844095102,3
13,-0.4742148947535773,-6.438062071607957e-07,1.5787643139919365,-0.6614237397839786,1
6,-0.48579480805991193,-1.1649266648900412,0.0003969153019824143,0.0008374522844095102,1
8,1.8549963374303747e-06,0.5263629716058189,0.1322327073039273,0.6503013266316696,1
6,-0.4838648225088562,-1.0949663903710811,0.0003969153019824143,0.0008374522844095102,1
4,-0.4896547791620235,1.8905883247255402,-0.6148367807070947,0.023232758296384073,3
8,1.8549963374303747e-06,-0.38312059714066227,-0.38412414470369044,0.12561130006541033,1
4,1.8549963374303747e-06,0.47389276571659883,-0.24862624736835823,0.6630986443527975,1
3,-0.4529850536919638,-6.438062071607957e-07,-0.486663094038537,-0.05035181860010362,1
3,-0.4819348369578004,-6.438062071607957e-07,0.3629453433073315,0.6694973032133615,1
2,1.8549963374303747e-06,0.8586742755708793,0.051666389969405715,0.7686765155521058,1
8,-0.4877247936109677,-1.1526836168492232,-0.3035578273691688,0.12561130006541033,1
5,-0.48579480805991193,-0.6279815579570226,-0.10214203403286354,0.7270852329584387,3
8,-0.4259652559771829,-1.64940156593384,0.0003969153019824143,0.0008374522844095102,1
1,-0.4896547791620235,-0.36563052851092226,-0.4024346713706275,0.12561130006541033,3
12,-0.48579480805991193,-6.438062071607957e-07,0.4252011339749167,1.2101839769310314,1
6,-0.4819348369578004,-1.5724452639629838,0.0003969153019824143,0.0008374522844095102,1
3,-0.4877247936109677,0.24652187352997854,-0.24862624736835823,0.6630986443527975,2
4,-0.4877247936109677,-0.48806100891910237,-0.24862624736835823,0.6630986443527975,3
8,1.8549963374303747e-06,-1.1894127609716774,-0.15707361403367415,0.7110885858070287,1
8,1.8549963374303747e-06,-0.9078226560328629,-0.38412414470369044,0.12561130006541033,1
8,-0.4529850536919638,-0.963790875648031,0.9562064073160842,-1.0261472948361339,1
8,-0.46842493810040997,-1.2471299874498194,-0.19369466736754765,0.43914558423305305,1
8,1.8549963374303747e-06,-0.5230411461785824,2.9740264460125223,-0.23271359612618156,1
4,1.8549963374303747e-06,-0.7504120383652028,-0.6148367807070947,0.023232758296384073,1
8,-0.4549150392430195,-1.2821101247092994,0.9671927233162467,-0.9845560122424674,1
6,-0.4549150392430195,-1.3538194060912334,0.0003969153019824143,0.0008374522844095102,2
8,-0.4896547791620235,-1.5724452639629838,-0.42440730337095184,0.2791791127189497,1
9,-0.4877247936109677,-6.438062071607957e-07,-3.3028220954134198,0.13840861778653832,3
11,-0.4896547791620235,1.6457273639091798,0.48379481930911455,0.9830315873810044,1
4,1.8549963374303747e-06,-0.45308087165962235,0.0003969153019824143,0.0008374522844095102,1
6,-0.4896547791620235,-6.438062071607957e-07,-0.0032651900314048716,0.6790952915042081,1
11,1.8549963374303747e-06,1.29592599131438,-3.2698631474129334,-0.5686431863057984,1
1,-0.4877247936109677,1.47082667761178,-0.2705988793686826,0.13200995892597434,3
7,-0.4838648225088562,-6.438062071607957e-07,-0.1790462460339985,0.12561130006541033,1
4,1.8549963374303747e-06,0.35146228530841866,-0.5049736207054735,0.24718581841612858,1
4,-0.4568450247940753,-1.073978308015393,0.0003969153019824143,0.0008374522844095102,3
3,-0.4742148947535773,-6.438062071607957e-07,0.3629453433073315,0.6694973032133615,3
6,-0.4819348369578004,-1.3034480084375824,0.0003969153019824143,0.0008374522844095102,1
4,-0.4896547791620235,2.4677605895069608,0.11758428597037816,0.6630986443527975,3
8,1.8549963374303747e-06,-0.6279815579570226,3.871242252692426,0.18319922981048745,1
5,-0.4877247936109677,-6.438062071607957e-07,0.41055271264136756,0.6950919386556181,2
6,-0.48579480805991193,-1.1002134109600032,0.0003969153019824143,0.0008374522844095102,3
6,1.8549963374303747e-06,-1.2541260149017153,0.0003969153019824143,0.0008374522844095102,1
6,-0.48579480805991193,-0.965539882511005,0.0003969153019824143,0.0008374522844095102,3
8,-0.4896547791620235,-0.6454716265867626,0.026031652635694066,0.6694973032133615,3
11,1.8549963374303747e-06,-0.050809293175601844,-0.24862624736835823,0.023232758296384073,1
12,-0.4587750103451311,-6.438062071607957e-07,1.575102208658549,-0.7414069755410303,1
3,-0.4838648225088562,-0.8028822442544228,-0.24862624736835823,0.6630986443527975,1
3,-0.4838648225088562,-6.438062071607957e-07,0.051666389969405715,0.7014905975161821,2
8,-0.4664949525493542,-1.5654492365110877,-0.1753841407006112,0.43914558423305305,3
4,-0.4838648225088562,-0.173239773583782,0.0003969153019824143,0.0008374522844095102,3
2,-0.20594690315682443,-6.438062071607957e-07,0.6339411379779966,0.823065115866901,1
8,1.8549963374303747e-06,-1.2173968707792613,-0.18270835136738578,0.6758959620739255,1
7,-0.4838648225088562,-6.438062071607957e-07,2.1830116940008515,-0.5142545859910032,3
4,1.8549963374303747e-06,-0.8028822442544228,-0.6148367807070947,0.023232758296384073,1
4,1.8549963374303747e-06,-0.7853921756246828,-0.24862624736835823,0.6630986443527975,1
6,-0.47807486585568887,-1.1841657403827552,0.0003969153019824143,0.0008374522844095102,1
5,-0.3294659784243941,-6.438062071607957e-07,0.3739316593074934,0.7270852329584387,1
3,1.8549963374303747e-06,2.6951314816935814,1.571440103325162,-0.7062143518079271,1
4,-0.4838648225088562,-0.7469140246392547,0.0003969153019824143,0.0008374522844095102,1
4,-0.4896547791620235,4.339197932889143,0.11758428597037816,0.9830315873810044,3
3,-0.4587750103451311,-6.438062071607957e-07,-0.2376399313681964,0.7110885858070287,1
8,1.8549963374303747e-06,-0.48806100891910237,0.1102600753036036,0.6662979737830795,1
8,-0.48579480805991193,-0.9078226560328629,0.026031652635694066,0.6694973032133615,1
8,1.8549963374303747e-06,0.3689523539381587,-0.4170830927041773,-3.576012850770942,1
4,1.8549963374303747e-06,0.9461246187195794,-0.6148367807070947,0.023232758296384073,1
8,-0.4896547791620235,-0.43559080302988235,-0.38412414470369044,-3.58881016849207,3
10,1.8549963374303747e-06,0.5963232461247789,-0.028899927365116523,0.47113887853587366,1
10,-0.4529850536919638,1.1210253050169796,-0.5415946740393476,-0.20072030182336043,3
12,1.8549963374303747e-06,2.6951314816935814,-0.25961256336852007,0.09681733519287176,1
6,-0.4819348369578004,-1.4954889619921277,0.0003969153019824143,0.0008374522844095102,1
10,1.8549963374303747e-06,-0.7661531001319687,-0.32186835403610525,0.055226052599204635,1
6,1.8549963374303747e-06,-1.3730584815839475,0.0003969153019824143,0.0008374522844095102,1
8,-0.4896547791620235,-1.3922975570766616,-0.24862624736835823,0.6630986443527975,3
8,1.8549963374303747e-06,-0.5930014206975426,-0.38412414470369044,-3.58881016849207,1
13,-0.47807486585568887,-0.8028822442544228,2.6554232820078214,-1.2724956609678533,1
8,1.8549963374303747e-06,0.7712239324221792,-0.2742609847020699,-3.6016074862131986,1
4,1.8549963374303747e-06,-0.3481404598811822,-0.6148367807070947,0.023232758296384073,1
8,1.8549963374303747e-06,0.7712239324221792,-0.3365167753696551,-3.624002792225173,1
6,-0.4896547791620235,0.5088729029760789,-0.6148367807070947,0.023232758296384073,3
8,1.8549963374303747e-06,0.15907153038127841,0.1322327073039273,0.6503013266316696,1
4,1.8549963374303747e-06,-0.36563052851092226,-0.6148367807070947,0.023232758296384073,1
8,-0.48579480805991193,-0.6279815579570226,0.11758428597037816,0.6950919386556181,1
12,-0.48000485140674465,-6.438062071607957e-07,-0.3731378287035286,0.21199319468302602,3
6,-0.4259652559771829,-1.4692538590475177,-0.13876308736673706,0.43914558423305305,1
6,-0.4896547791620235,-0.8028822442544228,0.0003969153019824143,0.0008374522844095102,1
3,-0.4896547791620235,-0.45308087165962235,-0.24862624736835823,0.6630986443527975,1
8,1.8549963374303747e-06,0.9461246187195794,0.13955691797070252,-3.5568168741892494,1
3,1.8549963374303747e-06,3.7445355994779823,1.571440103325162,-0.7062143518079271,1
4,1.8549963374303747e-06,-0.12076956769456193,-0.24862624736835823,0.6630986443527975,1
4,1.8549963374303747e-06,2.555210932655661,0.11758428597037816,0.9830315873810044,1
4,1.8549963374303747e-06,0.9461246187195794,-0.6148367807070947,-0.2967001847318227,1
3,-0.4645649669982984,-6.438062071607957e-07,0.3629453433073315,0.6694973032133615,1
4,-0.4896547791620235,5.825853766417045,0.11758428597037816,0.9830315873810044,1
10,1.8549963374303747e-06,-0.13825963632430197,-0.028899927365116523,0.47113887853587366,1
10,1.8549963374303747e-06,0.1415814617515384,-0.3255304593694932,0.055226052599204635,1
8,-0.4896547791620235,-0.5230411461785824,0.1102600753036036,0.6662979737830795,3
4,1.8549963374303747e-06,-0.173239773583782,-0.6148367807070947,0.023232758296384073,1
4,-0.42789524152823866,-1.7246088610417218,0.0003969153019824143,0.0008374522844095102,1
3,-0.47807486585568887,-0.7154319011057226,-0.24862624736835823,0.6630986443527975,2
9,1.8549963374303747e-06,-0.13825963632430197,-0.4427178300378883,0.13200995892597434,1
8,1.8549963374303747e-06,-1.4500147835548036,0.0003969153019824143,0.0008374522844095102,1
14,-0.4896547791620235,-6.438062071607957e-07,0.0003969153019824143,0.0008374522844095102,3
12,-0.4838648225088562,-6.438062071607957e-07,0.4252011339749167,1.2101839769310314,1
8,1.8549963374303747e-06,-0.48806100891910237,-0.38412414470369044,-3.58881016849207,1
10,-0.4819348369578004,-0.6891967981611127,-0.3255304593694932,0.055226052599204635,1
1,-0.46070499589618685,2.345330109098781,0.9488821966493096,1.2837685538275185,1
8,1.8549963374303747e-06,-0.4006106657704023,3.0472685526802694,-0.1367337132177193,1
8,1.8549963374303747e-06,-1.3625644404061035,-0.3035578273691688,0.12561130006541033,1
1,-0.4877247936109677,0.7712239324221792,0.048004284636018434,0.6694973032133615,1
1,-0.4896547791620235,-0.3096623088957542,0.0003969153019824143,0.0008374522844095102,1
4,1.8549963374303747e-06,4.916370197670564,0.19082639263812518,0.6630986443527975,1
8,1.8549963374303747e-06,-0.6804517638462426,3.669826459356121,0.18319922981048745,1
4,1.8549963374303747e-06,0.6487934520139991,-0.6148367807070947,0.023232758296384073,1
6,1.8549963374303747e-06,-0.8973286148550189,0.0003969153019824143,0.0008374522844095102,1
3,-0.4819348369578004,-6.438062071607957e-07,-0.28890940603561904,0.25038514784641114,3
6,-0.4896547791620235,-0.47057094028936236,0.0003969153019824143,0.0008374522844095102,3
12,-0.4896547791620235,-6.438062071607957e-07,-3.2991599900800326,0.6566999854922336,1
4,1.8549963374303747e-06,-0.2956702539919622,-0.6148367807070947,0.023232758296384073,1
12,-0.47807486585568887,-6.438062071607957e-07,-0.025237822031729237,0.6566999854922336,1
4,-0.47807486585568887,-0.6104914893272826,0.520415872642988,1.4309377076204934,1
10,1.8549963374303747e-06,-0.2869252196770921,-0.3255304593694932,0.055226052599204635,1
3,-0.4896547791620235,-0.45308087165962235,-0.6148367807070947,0.023232758296384073,1
6,-0.4664949525493542,-1.065233273700523,0.26406849930587284,1.0470181759866455,1
8,1.8549963374303747e-06,-6.438062071607957e-07,-0.6148367807070947,0.023232758296384073,1
8,-0.4877247936109677,1.0510650304980196,0.13955691797070252,-3.5568168741892494,2
6,1.8549963374303747e-06,0.7712239324221792,-0.6148367807070947,0.023232758296384073,1
10,-0.4896547791620235,-0.2869252196770921,-0.3255304593694932,0.055226052599204635,3
1,-0.4896547791620235,-1.030253136441043,0.0003969153019824143,0.0008374522844095102,3
12,-0.46263498144724263,-6.438062071607957e-07,-3.2259178834122855,-0.34788945561633583,1
11,-0.42789524152823866,3.219833540585782,0.0003969153019824143,0.0008374522844095102,1
6,-0.4896547791620235,-1.3538194060912334,0.0003969153019824143,0.0008374522844095102,3
8,1.8549963374303747e-06,0.6313033833842591,-0.44637993537127557,-3.6144048039343266,1
8,1.8549963374303747e-06,0.19405166764075846,-0.4170830927041773,0.2823784421492317,1
4,-0.4896547791620235,-1.0461341187568471,0.0003969153019824143,0.0008374522844095102,1
11,-0.4877247936109677,2.0829790796526804,0.11758428597037816,0.9830315873810044,1
3,-0.46842493810040997,1.1210253050169796,-0.6148367807070947,-0.2967001847318227,1
3,-0.4877247936109677,2.6951314816935814,0.11758428597037816,0.6630986443527975,1
1,-0.4877247936109677,-0.2781801853622221,-0.24862624736835823,0.023232758296384073,1
4,-0.4877247936109677,-1.1841657403827552,-3.214931567412123,0.9190449987753632,1
10,1.8549963374303747e-06,0.24652187352997854,-0.32186835403610525,0.055226052599204635,1
1,1.8549963374303747e-06,-0.16449473926891198,-0.24862624736835823,0.023232758296384073,1
11,1.8549963374303747e-06,3.7445355994779823,0.549712715310087,0.6790952915042081,1
5,1.8549963374303747e-06,0.9461246187195794,1.6190474726591972,-0.6166331277600294,1
12,-0.4896547791620235,-6.438062071607957e-07,-3.258876831412772,1.1589947060465182,3
3,-0.48000485140674465,2.345330109098781,0.11758428597037816,0.34316570132459084,3
5,1.8549963374303747e-06,0.9461246187195794,1.6556685259930708,-0.39268006764028496,1
5,1.8549963374303747e-06,1.47082667761178,2.2049843260011754,-0.1367337132177193,1
4,1.8549963374303747e-06,0.3689523539381587,-0.6148367807070947,0.023232758296384073,1
4,1.8549963374303747e-06,0.7187537265329591,-0.6148367807070947,0.023232758296384073,1
1,1.8549963374303747e-06,-1.3940465639396356,0.0003969153019824143,0.0008374522844095102,1
1,1.8549963374303747e-06,-0.5650173108899584,0.0003969153019824143,0.0008374522844095102,1
4,1.8549963374303747e-06,0.019150981343358242,-0.6148367807070947,0.023232758296384073,1
5,1.8549963374303747e-06,1.38337633446308,1.6190474726591972,-0.6166331277600294,1
8,1.8549963374303747e-06,2.2578797659500807,-0.3401788807030423,-3.620803462794891,1
8,1.8549963374303747e-06,-0.45308087165962235,-0.4024346713706275,0.026432087726666074,1
12,1.8549963374303747e-06,4.619039030964983,-0.025237822031729237,0.6566999854922336,1
4,1.8549963374303747e-06,0.49138283434633884,-0.6148367807070947,0.023232758296384073,1
1,1.8549963374303747e-06,-0.6699577226683986,0.0003969153019824143,0.0008374522844095102,1
4,1.8549963374303747e-06,-0.45308087165962235,-0.6148367807070947,0.023232758296384073,1
4,1.8549963374303747e-06,0.33397221667867866,-0.24862624736835823,0.6630986443527975,1
3,-0.48579480805991193,1.47082667761178,-3.3138084114135817,-1.0453432714178263,3
1,1.8549963374303747e-06,-0.6454716265867626,0.0003969153019824143,0.0008374522844095102,1
3,-0.4568450247940753,-6.438062071607957e-07,2.2086464313345635,-0.11433840720574474,3
6,1.8549963374303747e-06,-1.5462101610183738,0.0003969153019824143,0.0008374522844095102,1
11,-0.4896547791620235,0.42142255982737875,0.12490849663715274,-3.576012850770942,1
4,1.8549963374303747e-06,1.1385153736467197,-0.24862624736835823,0.6630986443527975,1
12,1.8549963374303747e-06,3.219833540585782,-0.025237822031729237,0.6566999854922336,1
8,1.8549963374303747e-06,-0.38312059714066227,-0.6661062553745176,-0.10793974834518075,1
8,1.8549963374303747e-06,-0.8850855668142009,-0.6148367807070947,0.023232758296384073,1
12,-0.4877247936109677,-6.438062071607957e-07,1.575102208658549,-0.8565828350311845,3
3,-0.41438534267084826,-0.8151252922952408,-3.3138084114135817,0.7270852329584387,1
6,1.8549963374303747e-06,-0.7469140246392547,0.0003969153019824143,0.0008374522844095102,1
4,-0.48579480805991193,-1.0360773292947465,0.0003969153019824143,0.0008374522844095102,1
1,-0.48579480805991193,0.24652187352997854,0.0003969153019824143,0.0008374522844095102,1
3,-0.4896547791620235,0.7712239324221792,-3.3138084114135817,-1.0453432714178263,3
1,1.8549963374303747e-06,-1.4814969070883357,0.0003969153019824143,0.0008374522844095102,1
4,1.8549963374303747e-06,0.10660132449205835,-0.6148367807070947,-0.2967001847318227,1
1,1.8549963374303747e-06,-0.21871395202110605,0.0003969153019824143,0.0008374522844095102,1
6,-0.4317552126303502,-1.5549551953332437,0.0003969153019824143,0.0008374522844095102,1
8,1.8549963374303747e-06,1.6107472266496998,0.13955691797070252,0.7430818801098493,1
6,-0.451055068140908,-1.504478857267814,-0.13876308736673706,0.43914558423305305,1
4,1.8549963374303747e-06,-0.22570997947300206,-0.6148367807070947,0.023232758296384073,1
8,1.8549963374303747e-06,0.5613431088652989,-0.2742609847020699,-3.5920094979223527,1
10,-0.4838648225088562,-1.1999068021495214,0.48379481930911455,-1.2245057195136224,1
4,1.8549963374303747e-06,-0.050809293175601844,-0.6148367807070947,0.023232758296384073,1
10,-0.47807486585568887,-0.42159874812609033,-0.3255304593694932,0.47113887853587366,1
6,5.443120804783431,-1.6546485865227618,-0.2998957220357815,0.26638179499782116,1
4,-0.47807486585568887,-0.991774985455615,0.26406849930587284,0.9510382930781838,1
4,-0.4896547791620235,3.5521448445508423,0.11758428597037816,0.9830315873810044,1
1,1.8549963374303747e-06,-1.3992935845285575,0.0003969153019824143,0.0008374522844095102,1
4,1.8549963374303747e-06,0.6313033833842591,-0.6148367807070947,0.023232758296384073,1
1,1.8549963374303747e-06,-0.19072984221352202,-0.21200519403448473,0.21519252411330803,1
11,1.8549963374303747e-06,-0.45308087165962235,0.11392218063699087,0.7046899269464647,1
1,1.8549963374303747e-06,0.15907153038127841,0.048004284636018434,0.6694973032133615,1
4,-0.46842493810040997,-1.3328313237355454,-0.24862624736835823,0.3751589956274114,1
1,-0.48000485140674465,1.47082667761178,0.9488821966493096,1.2837685538275185,1
11,1.8549963374303747e-06,0.5088729029760789,-3.2698631474129334,-0.6102344688994654,1
13,-0.4819348369578004,-1.4150346462953236,1.1063527259849661,-1.256499013816443,1
1,1.8549963374303747e-06,-0.10327949906482191,-0.25595045803513283,0.25038514784641114,1
4,1.8549963374303747e-06,1.29592599131438,-0.6148367807070947,0.023232758296384073,1
12,1.8549963374303747e-06,2.6951314816935814,-0.25961256336852007,0.09681733519287176,1
5,1.8549963374303747e-06,4.444138344667583,2.168363272667302,-0.1367337132177193,1
4,1.8549963374303747e-06,0.6662835206437391,-0.24862624736835823,0.6630986443527975,1
8,1.8549963374303747e-06,0.10660132449205835,-0.38778625003707834,-3.6016074862131986,1
4,1.8549963374303747e-06,1.1560054422764596,-0.6148367807070947,0.023232758296384073,1
12,-0.4819348369578004,-6.438062071607957e-07,-0.025237822031729237,0.6566999854922336,3
10,1.8549963374303747e-06,0.6313033833842591,-0.028899927365116523,0.47113887853587366,1
11,1.8549963374303747e-06,-0.8028822442544228,0.11392218063699087,0.7046899269464647,1
3,-0.46263498144724263,-6.438062071607957e-07,-0.03988624336527838,0.6566999854922336,2
6,-0.4896547791620235,-6.438062071607957e-07,1.121001147318516,-1.1093298600234676,3
1,-0.4896547791620235,-1.2751140972574033,-0.6148367807070947,-0.2967001847318227,3
6,-0.4877247936109677,-0.7469140246392547,0.0003969153019824143,0.0008374522844095102,3
11,-0.4838648225088562,3.5696349131805825,0.549712715310087,0.6822946209344901,1
5,1.8549963374303747e-06,-0.2781801853622221,1.6556685259930708,-0.4886599505487466,1
11,-0.4877247936109677,2.7476016875828013,-0.010589400698179444,0.7174872446675927,1
4,1.8549963374303747e-06,-0.5405312148083224,-0.24862624736835823,0.6630986443527975,1
6,-0.46842493810040997,-6.438062071607957e-07,1.1283253579852905,-0.9813566828121854,1
5,-0.4761448803046331,-6.438062071607957e-07,0.0003969153019824143,0.0008374522844095102,1
10,-0.4877247936109677,-0.45133186479664833,-0.028899927365116523,0.47113887853587366,1
3,1.8549963374303747e-06,-0.5405312148083224,-0.24862624736835823,0.6630986443527975,1
3,-0.4877247936109677,-1.1526836168492232,0.11758428597037816,0.9830315873810044,1
4,-0.4896547791620235,0.49138283434633884,-0.6148367807070947,0.023232758296384073,3
4,-0.4896547791620235,-0.36563052851092226,-0.6148367807070947,0.023232758296384073,3
8,1.8549963374303747e-06,0.5963232461247789,0.13955691797070252,-3.5568168741892494,1
8,1.8549963374303747e-06,0.6662835206437391,-0.5452567793727349,-3.630401451085737,1
8,1.8549963374303747e-06,-0.6454716265867626,-0.15707361403367415,0.6950919386556181,1
8,-0.4877247936109677,-0.38312059714066227,0.026031652635694066,-3.5664148624800958,1
10,-0.4896547791620235,-6.438062071607957e-07,-0.32186835403610525,0.055226052599204635,3
4,-0.4896547791620235,-0.20821991084326205,-0.5049736207054735,0.24718581841612858,3
4,1.8549963374303747e-06,0.8411842069411393,-0.6148367807070947,0.023232758296384073,1
13,-0.4742148947535773,-6.438062071607957e-07,1.5787643139919365,-0.6614237397839786,1
8,1.8549963374303747e-06,0.0716211872325783,-0.1277767713665752,-3.5664148624800958,1
1,-0.4896547791620235,0.8586742755708793,0.49111902997588913,0.7206865740978747,1
8,-0.4452651114877407,-1.2243928982311574,1.3077685193212714,-0.8885761293340051,1
4,1.8549963374303747e-06,-0.3481404598811822,-0.24862624736835823,0.6630986443527975,1
8,1.8549963374303747e-06,-0.050809293175601844,-0.5672294113730586,-0.05355114803038562,1
6,-0.4838648225088562,-1.2716160835314554,1.9120158993301866,-0.5846398334572088,1
8,1.8549963374303747e-06,-0.2956702539919622,-0.2742609847020699,0.18639855924076945,1
11,1.8549963374303747e-06,0.24479035673563426,-0.515959936705636,-3.6016074862131986,1
1,1.8549963374303747e-06,-1.2121498501903394,0.0003969153019824143,0.0008374522844095102,1
5,-0.48579480805991193,-6.438062071607957e-07,0.0003969153019824143,0.0008374522844095102,1
4,-0.48579480805991193,-1.3870505364877395,-0.24862624736835823,0.3751589956274114,3
8,-0.4896547791620235,0.5088729029760789,-0.44637993537127557,-3.6144048039343266,3
8,-0.4896547791620235,-0.12076956769456193,-0.2742609847020699,-3.5920094979223527,3
8,1.8549963374303747e-06,0.15907153038127841,-0.44637993537127557,-3.6144048039343266,1
4,1.8549963374303747e-06,0.2815020107894586,-0.6148367807070947,0.023232758296384073,1
3,-0.383202109309768,-6.438062071607957e-07,-0.2673765429104254,0.1212593832216273,2
4,-0.21697808631090088,-6.438062071607957e-07,-0.22665361536803386,0.5255274788506687,2
12,-0.3128275357864452,-6.438062071607957e-07,1.5780132939042284,-0.67782660405601,2
8,-0.21631789921355693,-6.438062071607957e-07,-0.6038504647069328,-0.047152489169821614,2
6,0.2119837342937524,-6.438062071607957e-07,-0.45763496514030155,0.12272182187798378,2
3,-0.41954839031511004,-6.438062071607957e-07,0.46700859364665864,-0.09900166283716162,2
1,-0.4720765536437969,-1.698707604345616,0.0003969153019824143,0.0008374522844095102,2
4,-0.013020542490430914,-6.438062071607957e-07,-0.2779230900354572,0.13840861778653832,2
8,-0.12412338420199674,-6.438062071607957e-07,0.238113919301398,0.7142879152373107,2
13,0.2891152198598597,-6.438062071607957e-07,1.5787643139919365,-0.6461126320031845,2
3,-0.48698533280195144,-6.438062071607957e-07,0.04870583998472244,0.7014905975161821,2
8,-0.4211905821095486,-6.438062071607957e-07,-0.6038504647069328,-0.047152489169821614,2
4,-0.21778522186963864,-6.438062071607957e-07,-0.17369227658078787,0.6570279300778396,2
10,-0.3348892443863431,-6.438062071607957e-07,0.9430248866124487,-0.7766202404723035,2
3,-0.4857554999864212,0.23646013557693046,-0.24533795881110404,0.6653184977354167,2
3,-0.4316320717404751,-6.438062071607957e-07,-0.27024825520796397,0.11373293094971479,2
8,-0.478783337675301,-1.4047193427477391,1.2965829011229735,-0.8807164650056022,2
6,0.2120586152607704,-6.438062071607957e-07,-0.45737017037562355,0.12218580647209629,2
4,-0.21314895884637527,-6.438062071607957e-07,-0.22665361536803386,0.5255274788506687,2
6,1.1238725387018857,-6.438062071607957e-07,0.2309842436055239,0.6906359380258952,2
13,0.7444083075569624,-6.438062071607957e-07,1.5763677828234253,-0.7384784413495962,2
10,-0.34668033963115746,-6.438062071607957e-07,-0.5415946740393476,-0.20072030182336043,2
13,0.6599963601874802,-6.438062071607957e-07,1.5773912321668946,-0.6960078712603532,2
10,-0.35830768205141367,-6.438062071607957e-07,-0.5415946740393476,-0.20072030182336043,2
6,-0.4645649669982984,-6.438062071607957e-07,-0.2705988793686826,0.13840861778653832,2
6,0.2576667117436171,-6.438062071607957e-07,0.11965317049115978,0.8155535810618536,2
10,0.0367026043672586,-6.438062071607957e-07,-0.06391998722981501,0.421422626759858,2
3,-0.4158563486117056,-6.438062071607957e-07,-0.2693128149177455,0.11618462038378104,2
3,0.4039217206770293,-6.438062071607957e-07,-0.1042713156792435,0.5051911016700023,2
6,1.9618901244608067,-6.438062071607957e-07,-0.11077066208792441,0.710573648377361,2
6,-0.4573708136856858,-6.438062071607957e-07,-0.3908960998364972,0.030331784357340408,2
3,-0.4867637274307082,-6.438062071607957e-07,0.048916085655083374,0.7014905975161821,2
7,0.04984654994889742,-6.438062071607957e-07,0.23174702532076275,0.7906904630340005,2
4,1.118648608877891,-6.438062071607957e-07,-0.15462202889896393,0.6770068799426217,2
9,-0.33950007374372737,-6.438062071607957e-07,-3.2881736740798706,0.9542376225084658,2
6,-0.4549948804131165,-6.438062071607957e-07,-0.4306253294327013,-0.005361553465773494,2
13,0.7545092170140737,-6.438062071607957e-07,1.5762453147430826,-0.7435605582350837,2
1,-0.09018963935848873,0.014355358224811612,0.7695332563391115,1.0631563164861784,2
13,1.0808751248422084,-6.438062071607957e-07,1.5722883041005553,-0.9077665337527787,2
8,-0.11515271966164517,-6.438062071607957e-07,0.26875287055712255,0.7142879152373107,2
3,1.0898081667302493,-6.438062071607957e-07,1.5807846608680634,-0.7562994444075887,2
3,-0.445268714396436,-6.438062071607957e-07,-0.13599656874892932,0.7022809733718407,2
1,0.015319783980464574,0.023378541075417078,0.6568070057447876,0.9244948317419595,2
1,-0.34343480930933634,-1.672695476175375,0.0003969153019824143,0.0008374522844095102,2
9,-0.4157867809935596,-6.438062071607957e-07,-3.2881736740798706,0.9542376225084658,2
8,-0.3083803507647514,-0.8469662297585031,0.6917714826290695,-0.4557408716074088,2
3,1.1755000814635288,-6.438062071607957e-07,1.358399709467211,-0.9067853815925492,2
8,-0.22479099912075104,-6.438062071607957e-07,0.19785199916054677,0.6945701988693128,2
8,-0.18194326088929919,-6.438062071607957e-07,0.20309733111569866,0.7037351700364279,2
4,-0.2761774781426742,-6.438062071607957e-07,-0.22665361536803386,0.5255274788506687,2
4,-0.21507385464878895,-6.438062071607957e-07,-0.22665361536803386,0.5255274788506687,2
3,0.4901292021292944,-6.438062071607957e-07,-0.1345452325444791,0.43395149304127967,2
6,1.5294070489280658,-6.438062071607957e-07,0.04814728413191516,0.6962290576751582,2
9,-0.4673968904434724,-6.438062071607957e-07,-3.2923530728799464,0.9067713317437498,2
8,-0.4149451538209832,-6.438062071607957e-07,-0.6038504647069328,-0.047152489169821614,2
3,-0.4290186539818056,-6.438062071607957e-07,-0.2700932894896462,0.11413907960315094,2
12,-0.2739508052167018,-6.438062071607957e-07,1.5786603793884124,-0.663693752560835,2
1,0.1723726532582643,0.02415889734900156,0.32395240366565486,0.4754668345597323,2
8,-0.049659710030774545,-6.438062071607957e-07,-0.22933976378624166,0.19235871576723754,2
3,-0.4855170090167414,-6.438062071607957e-07,0.050098896104239996,0.7014905975161821,2
3,-0.42111949132649,-6.438062071607957e-07,-0.03988624336527838,0.6566999854922336,2
3,-0.46957481658918876,-1.2623436430698596,-0.24862624736835823,0.45174117256536794,2
9,-0.3100899368302146,-6.438062071607957e-07,-3.2881736740798706,0.9542376225084658,2
13,0.6509780901588005,-6.438062071607957e-07,1.577500573827971,-0.6914704677141436,2
6,0.8484362089602641,-6.438062071607957e-07,0.1704271083960413,0.6883357379419741,2
6,-0.4645649669982984,-6.438062071607957e-07,-0.2705988793686826,0.13840861778653832,2
6,0.22501902040959715,-6.438062071607957e-07,-0.41153946641731376,0.02941220721233892,2
11,-0.13298407866704734,-6.438062071607957e-07,0.0003969153019824143,0.0008374522844095102,2
3,1.311718622532949,-6.438062071607957e-07,1.5719673804684722,-0.6523619698502545,2
8,-0.15373506846542556,-6.438062071607957e-07,0.20655051999392537,0.7097687970354715,2
11,-0.1481976095439549,-6.438062071607957e-07,0.0003969153019824143,0.0008374522844095102,2
1,0.17186968270717667,0.02734194240735796,0.36658118091451575,0.5379997568572445,2
3,-0.4227288147036128,-6.438062071607957e-07,0.3366572235243722,-0.061569206452378,2
6,-0.4591425329443065,-0.7607309980341638,-0.1183224206452521,0.06110538903873504,2
10,-0.36712584839391116,-6.438062071607957e-07,-0.5415946740393476,-0.20072030182336043,2
4,-0.15151790953437383,-6.438062071607957e-07,0.20565672667103463,0.681471399275148,2
3,-0.4599100291551646,-6.438062071607957e-07,-0.05496697722019052,0.6638521280358407,2
6,1.197150107546164,-6.438062071607957e-07,0.24709497107741465,0.6912478873288911,2
3,-0.474352832097226,-0.646445392629749,-0.24085752203385813,0.6683431449226716,2
8,-0.16247450593011142,-6.438062071607957e-07,-0.6038504647069328,-0.047152489169821614,2
7,-0.17104728157695795,-6.438062071607957e-07,0.28345925248963466,0.7324353760220221,2
9,-0.407376851523496,-6.438062071607957e-07,-3.2881736740798706,0.9542376225084658,2
8,-0.48418394859591657,-0.10410755735842649,0.03541744147982109,-3.5656213413977143,2
6,0.31635112909569674,-6.438062071607957e-07,0.11402055895701198,0.7850823179305009,2
11,-0.13376412717450367,-6.438062071607957e-07,0.0003969153019824143,0.0008374522844095102,2
9,-0.40350302731297183,-6.438062071607957e-07,-3.2881736740798706,0.9542376225084658,2
11,-0.14690248981037035,-6.438062071607957e-07,0.0003969153019824143,0.0008374522844095102,2
3,-0.3852681245107775,-6.438062071607957e-07,-0.26749904974218536,0.12093830585499313,2
13,1.1125507605396996,-6.438062071607957e-07,1.5719042540985255,-0.9237036415667135,2
4,-0.2482310598969564,-6.438062071607957e-07,-0.22665361536803386,0.5255274788506687,2
3,-0.4342508881961037,-6.438062071607957e-07,-0.03988624336527838,0.6566999854922336,2
4,-0.09598477156036289,-6.438062071607957e-07,-0.2779230900354572,0.13840861778653832,2
9,-0.4750602935602127,-6.438062071607957e-07,-3.3036628481654264,0.7783238904097276,2
3,-0.41104685181658507,-6.438062071607957e-07,-0.2690276300776523,0.11693205949509942,2
10,-0.37209497916055656,-6.438062071607957e-07,-0.5415946740393476,-0.20072030182336043,2
8,-0.05098452027710578,-6.438062071607957e-07,-0.3148089107700117,0.2802040244185512,2
3,1.2296037427546576,-6.438062071607957e-07,1.5745642335815437,-0.7022731909531885,2
1,0.17139308054932811,0.030358115302692223,0.40697513077762176,0.5972543705500808,2
4,-0.2007360893450255,-6.438062071607957e-07,-0.224913673167726,0.529847671460769,2
8,-0.05070116330022608,-6.438062071607957e-07,-0.2965283463096484,0.2614152347323058,2
6,-0.4645649669982984,-6.438062071607957e-07,-0.2705988793686826,0.13840861778653832,2
3,-0.38319595856928645,-6.438062071607957e-07,-0.26737617819494364,0.12126033910208535,2
6,1.4969365851242034,-6.438062071607957e-07,0.07563571233563512,0.6956769944988925,2
4,-0.10727889732936172,-6.438062071607957e-07,-0.2779230900354572,0.13840861778653832,2
4,-0.013847483936323512,-6.438062071607957e-07,-0.2779230900354572,0.13840861778653832,2
10,-0.34336646521352876,-6.438062071607957e-07,-0.5415946740393476,-0.20072030182336043,2
6,-0.45013580683227833,-6.438062071607957e-07,-0.5118764538421057,-0.0783587865238696,2
3,1.0296575007179647,-6.438062071607957e-07,1.583568430916521,-0.7777009417335508,2
8,-0.1617975515855961,-6.438062071607957e-07,0.20556352739889824,0.7080442620102487,2
1,-0.0349313570472852,0.019081055413986612,0.7104953165788541,0.9905353578342524,2
1,0.44192173876936613,-1.5138916967828338,0.0003969153019824143,0.0008374522844095102,2
6,0.6804426937052804,-6.438062071607957e-07,-0.515959936705636,0.24078715955556457,2
8,-0.05044830638594807,-6.438062071607957e-07,-0.28021547068679004,0.24464883838167178,2
1,0.02494909786667271,-1.5982060523970187,0.0003969153019824143,0.0008374522844095102,2
10,0.09358476170115396,-6.438062071607957e-07,-0.1822023415543818,0.2535030020938853,2
3,-0.48544132191029143,-6.438062071607957e-07,0.05017070341804276,0.7014905975161821,2
3,-0.42511953494936044,-6.438062071607957e-07,0.23867229398514106,-0.033431285094877264,2
6,-0.450674343405808,-6.438062071607957e-07,-0.5028713006154852,-0.07026842133094935,2
3,-0.4658603517633673,-0.4890404348693076,-0.22313179695885535,0.6803094033826591,2
4,-0.009851681804483278,-6.438062071607957e-07,-0.2779230900354572,0.13840861778653832,2
6,-0.4645649669982984,-6.438062071607957e-07,-0.2705988793686826,0.13840861778653832,2
3,-0.4519601647838525,-6.438062071607957e-07,-0.09896400025613486,0.684718021120012,2
8,-0.39832632893454833,-6.438062071607957e-07,-0.6038504647069328,-0.047152489169821614,2
4,-0.40363637400969343,-0.009688708801224358,-0.24010227595296646,0.6097298589335102,2
10,-0.37006825585322606,-6.438062071607957e-07,-0.5415946740393476,-0.20072030182336043,2
1,-0.11784673146949068,0.011990119260023569,0.7990820890154064,1.0995035292227995,2
7,-0.2633027545706409,-6.438062071607957e-07,0.30505666851554414,0.7081053593372911,2
8,-0.3978811902332261,-1.1399151547377115,1.0094368631293458,-0.6789509986852733,2
3,0.8804970714125009,-6.438062071607957e-07,1.5904715687044022,-0.8307719505943384,2
8,-0.3619086770548697,-6.438062071607957e-07,-0.6038504647069328,-0.047152489169821614,2
8,-0.051499615563374,-6.438062071607957e-07,-0.34803989977739785,0.3143588813366456,2
6,1.1823610447052237,-6.438062071607957e-07,0.2438434636276877,0.6911243821848175,2
6,-0.4593778836602872,-0.7277129047290035,-0.12493169855084096,0.06446059263406874,2
4,-0.2093372216754086,-6.438062071607957e-07,-0.19907294434734363,0.5940089554790944,2
9,-0.31151944710104645,-6.438062071607957e-07,-3.2881736740798706,0.9542376225084658,2
3,-0.46181477351465133,-6.438062071607957e-07,-0.0444255292724325,0.6588527732919851,2
1,0.575963761623067,-1.4867876000783953,0.0003969153019824143,0.0008374522844095102,2
4,-0.3954549464918066,-6.438062071607957e-07,0.41055271264136756,0.6922418387541657,2
3,-0.39731507021600787,-6.438062071607957e-07,-0.26821338773447656,0.11906610201005997,2
3,-0.46860361818425916,-1.324832670460117,-0.24862624736835823,0.42759189612776993,2
11,-0.19397586192875638,-6.438062071607957e-07,0.0003969153019824143,0.0008374522844095102,2
4,-0.0670608878242471,-6.438062071607957e-07,-0.2779230900354572,0.13840861778653832,2
1,-0.07615502008983244,0.015555601121532692,0.7545386714138199,1.0447118867468563,2
6,-0.4404774467308706,-6.438062071607957e-07,-0.6733789717881181,-0.2234550793772629,2
3,1.2604219038472406,-6.438062071607957e-07,1.5735896204811106,-0.6835412381520546,2
1,0.022117001324943597,0.023959840195757337,0.6495448598485267,0.9155618642468499,2
3,0.8413104513863773,-6.438062071607957e-07,-0.2578713263536975,0.1437444908952602,2
9,-0.43806845562061436,-6.438062071607957e-07,-3.2881736740798706,0.9542376225084658,2
8,-0.05110455421336876,-6.438062071607957e-07,-0.3225528108265759,0.2881632157131944,2
12,-0.2998536198479562,-6.438062071607957e-07,1.5782292388294776,-0.6731101985202973,2
6,-0.46382806411863053,-0.10338307005603231,-0.24990467454818951,0.12790319322910262,2
6,-0.45959932614122123,-0.6966460415298011,-0.131150395997745,0.06761751784287277,2
8,-0.48405719164197775,-0.14546100770372683,0.031689404028687945,-3.5659365281510613,2
4,1.0675894083298485,-6.438062071607957e-07,-0.18219056577057097,0.5565832119516672,2
3,-0.41829257800690683,-6.438062071607957e-07,-0.2694572740410379,0.1158060083976031,2
8,-0.11774462263169039,-6.438062071607957e-07,0.25990032809479224,0.7142879152373107,2
6,0.6342017589590028,-6.438062071607957e-07,-0.515959936705636,0.24078715955556457,2
9,-0.4071101231718862,-6.438062071607957e-07,-3.2881736740798706,0.9542376225084658,2
3,0.4662426455922227,-6.438062071607957e-07,-0.12615686978735022,0.4536907188082578,2
4,-0.17203858195759122,-6.438062071607957e-07,0.37067767316351136,0.6847111171494661,2
9,-0.47714354688363503,-6.438062071607957e-07,-3.3067373473913864,0.743406171092618,2
13,0.784547796588005,-6.438062071607957e-07,1.5758811131637833,-0.7586740064960484,2
8,-0.1190976808876373,-6.438062071607957e-07,0.2552790109377817,0.7142879152373107,2
8,-0.48551883275960656,0.33138780809915613,0.07467760039435525,-3.5623020930837246,2
4,-0.20973530423566014,-6.438062071607957e-07,-0.22665361536803386,0.5255274788506687,2
6,0.19888598856704548,-6.438062071607957e-07,-0.5039513341140186,0.2164785369885224,2
11,-0.24891706333479732,-0.47797816420435824,0.06798163115183747,0.41986020779064986,2
10,-0.37023714528524393,-6.438062071607957e-07,-0.5415946740393476,-0.20072030182336043,2
1,-0.1590094648984044,0.008469875677925499,0.8430603466611573,1.153599983859344,2
1,-0.32967566015793837,-1.669913294131037,0.0003969153019824143,0.0008374522844095102,2
8,-0.06606005532527004,-6.438062071607957e-07,-0.35013097340913585,0.317006359804653,2
4,-0.2471500580876833,-6.438062071607957e-07,-0.22665361536803386,0.5255274788506687,2
10,-0.3765542057965184,-6.438062071607957e-07,-0.5415946740393476,-0.20072030182336043,2
4,-0.20991076769965922,-6.438062071607957e-07,-0.22665361536803386,0.5255274788506687,2
8,-0.414953170854504,-6.438062071607957e-07,0.16612237345312683,0.7575805005962768,3
10,-0.16348722103359736,-6.438062071607957e-07,-0.32186835403610525,0.055226052599204635,3
6,3.3842043636644066,-6.438062071607957e-07,-0.25228835270174554,0.6854939503647721,3
9,-0.4877247936109677,-6.438062071607957e-07,-3.3077495735208298,0.1297990206881797,3
5,-0.4844293242555424,-0.18367887016901008,0.33832382250323256,1.0666187998939383,3
6,-0.4890925792421517,-6.438062071607957e-07,1.311951552606284,-0.9462374570965594,3
3,0.5737672594697091,-6.438062071607957e-07,1.5866803235107285,-0.7886854114054814,3
10,0.5062177651827569,0.0716211872325783,-0.5415946740393476,-0.20072030182336043,3
10,0.772555771228454,-6.438062071607957e-07,-0.5415946740393476,-0.20072030182336043,3
1,-0.4887743450456742,0.6148071104147862,-0.2586498741403264,0.07285549172196637,3
4,-0.483828620106756,-1.3894262891435631,-0.22043799128810052,0.33278754950583933,3
1,-0.4896547791620235,-1.1195760990183419,-0.22403451803755478,-0.10770146354738315,3
1,-0.4896547791620235,-0.26935931306871347,-0.34599378773768863,0.08804290678670196,3
4,-0.4896547791620235,3.2879110133295493,0.11758428597037816,0.8033080613270138,3
6,0.004361546658114834,-6.438062071607957e-07,-0.006927295364792157,0.6918926092253361,3
10,0.5062177651827569,-6.438062071607957e-07,-0.5415946740393476,-0.20072030182336043,3
6,2.739791391438326,-6.438062071607957e-07,-0.5049736207054735,0.24078715955556457,3
9,-0.4877247936109677,-6.438062071607957e-07,-3.313350369494626,0.12001296061579157,3
3,-0.41502437166513756,-6.438062071607957e-07,1.65634416563796,-0.5718895559283435,3
13,0.4762733573245535,-6.438062071607957e-07,1.5787643139919365,-0.9429647296488002,3
10,-0.06312797237869702,-6.438062071607957e-07,0.4654842926421775,-1.2181070606530584,3
3,-0.4896547791620235,-6.438062071607957e-07,0.85365238461429,1.3610404836672578,3
10,-0.18857703319732247,-6.438062071607957e-07,-0.028899927365116523,0.47113887853587366,3
3,-0.4835482375715178,-6.438062071607957e-07,0.6424467080339118,1.1952874528056758,3
10,-0.16348722103359736,-6.438062071607957e-07,-0.32186835403610525,0.055226052599204635,3
8,1.635064137447938,-6.438062071607957e-07,0.03730366965721535,0.7413599409424685,3
8,-0.4734538316653769,-1.513422007375385,-0.19739134200776082,0.506437205154953,3
10,-0.16348722103359736,-6.438062071607957e-07,-0.32186835403610525,0.055226052599204635,3
3,1.107849410807291,-6.438062071607957e-07,0.056689860748431804,0.6980771947177421,3
3,-0.48936695165399435,2.464108866822983,0.11758428597037816,0.6535560338728528,3
3,0.5737672594697091,-6.438062071607957e-07,1.5821854275416571,-0.7454897170826619,3
7,-0.30901861414672255,-6.438062071607957e-07,1.9451105849413217,-0.6598824521196692,3
10,-0.16348722103359736,-6.438062071607957e-07,-0.32186835403610525,0.055226052599204635,3
10,-0.06312797237869702,-6.438062071607957e-07,0.4654842926421775,-1.2181070606530584,3
6,-0.48784840748803127,-1.497874043121341,0.0003969153019824143,0.0008374522844095102,3
10,-0.4697891266111375,0.5547316477708233,-0.5415946740393476,-0.20072030182336043,3
4,-0.48963392359706137,-0.20689691812132033,-0.5061608100443299,0.24476576527570817,3
3,-0.486793955265774,1.289735651389524,-3.3138084114135817,-1.0453432714178263,3
3,-0.4563619028937308,-6.438062071607957e-07,2.202266107255328,-0.11962414436996716,3
8,-0.23330221537583093,-6.438062071607957e-07,-0.3486780160810546,0.1545252417569689,3
3,0.5737672594697091,-6.438062071607957e-07,1.5799625719378922,-0.7241282013001653,3
6,-0.4731621488354547,-0.38394189451827804,-0.24918507602908754,0.6665161153772367,3
12,-0.4885714475350598,-6.438062071607957e-07,1.575102208658549,-0.8060570197758969,3
8,-0.4885925797889651,-0.054302398979763127,-0.3085244856801935,-3.6096175350042565,3
6,1.678866855090071,-6.438062071607957e-07,-0.05071147927245573,0.6888483092839796,3
4,-0.36766560592611436,-6.438062071607957e-07,0.06477961849000666,0.7588493530720088,3
3,-0.42738064345262033,-6.438062071607957e-07,1.8195266219891169,-0.4367021323158852,3
13,0.487386399161189,-6.438062071607957e-07,1.5787643139919365,-0.9429647296488002,3
13,-0.3289215795162007,-6.438062071607957e-07,0.4443663923072672,-0.6703386405803837,3
13,-0.2064664943489536,-6.438062071607957e-07,0.7826059112002962,-1.1816762223312758,3
4,1.4378737938923005,-6.438062071607957e-07,-0.05567824717681524,0.46985351053441804,3
3,-0.482735404703652,-6.438062071607957e-07,0.624324300302676,1.1898977334585208,3
8,1.561115509568667,-6.438062071607957e-07,-0.06941546751260365,0.7206414594959932,3
12,-0.480334413447766,-6.438062071607957e-07,-0.3137308366628933,0.28793079823398493,3
7,0.15694464059705118,-6.438062071607957e-07,0.19448849797151313,0.8326631041577469,3
6,1.078856843589547,-6.438062071607957e-07,0.017436979740149794,0.986480087231735,3
8,0.26186310827927445,-6.438062071607957e-07,-0.2532200149172947,0.23767416154281276,3
10,-0.06312797237869702,-6.438062071607957e-07,0.4654842926421775,-1.2181070606530584,3
8,-0.4881079458858255,-0.45295196819310857,0.04275318287473624,0.6688621531996417,3
10,-0.06312797237869702,-6.438062071607957e-07,0.4654842926421775,-1.2181070606530584,3
3,-0.48466761060555263,-6.438062071607957e-07,-0.31742898598633273,0.24132493166731023,3
4,-0.20628357925696428,-6.438062071607957e-07,0.08462533796989194,0.6790952915042081,3
3,0.5905777430671078,-6.438062071607957e-07,1.571830330604738,-0.8586518317088812,3
9,-0.4877247936109677,-6.438062071607957e-07,-3.305595640788899,0.13356250630793362,3
8,0.6799314741885624,-6.438062071607957e-07,-0.35962538974246194,0.1258333406093533,3
8,-0.48931391122814766,0.4189972692435548,-0.4269762520958551,-3.616099970220041,3
6,-0.48579480805991193,-1.0393812890351428,0.0003969153019824143,0.0008374522844095102,3
6,1.0318663418159404,-6.438062071607957e-07,-0.1363376632145887,0.8148831693151954,3
10,0.772555771228454,-0.0817762793853638,-0.5415946740393476,-0.20072030182336043,3
13,0.49107644478956375,-6.438062071607957e-07,1.5787643139919365,-0.9429647296488002,3
3,-0.42417910052567676,-6.438062071607957e-07,1.7772456129665117,-0.47172955380046544,3
6,-0.46287326246138766,-6.438062071607957e-07,-0.0580343179479752,0.6805025861585317,3
10,0.32479912338351397,-6.438062071607957e-07,-0.32186835403610525,0.055226052599204635,3
7,-0.3965671005235536,-6.438062071607957e-07,2.0642317383288376,-0.5869640893294032,3
10,-0.16348722103359736,-6.438062071607957e-07,-0.32186835403610525,0.055226052599204635,3
10,-0.3531142655445268,-6.438062071607957e-07,-0.028899927365116523,0.47113887853587366,3
4,-0.26272860546810284,-6.438062071607957e-07,0.08462533796989194,0.6790952915042081,3
3,-0.48526749680450343,-6.438062071607957e-07,0.0003969153019824143,0.0008374522844095102,3
6,1.7347179503545869,-6.438062071607957e-07,-0.2425650002147213,0.6856557527262463,3
4,-0.2227270607062407,-6.438062071607957e-07,0.08462533796989194,0.6790952915042081,3
10,-0.16348722103359736,-6.438062071607957e-07,-0.32186835403610525,0.055226052599204635,3
6,-0.48905344361348474,-6.438062071607957e-07,1.3252439133680125,-0.9348843360914765,3
12,-0.4803831781081826,-6.438062071607957e-07,-0.30494049847875854,0.29916713916249194,3
10,0.5062177651827569,-6.438062071607957e-07,-0.5415946740393476,-0.20072030182336043,3
6,-0.48896784368716306,-1.4086011777049472,0.0003969153019824143,0.0008374522844095102,3
10,-0.18857703319732247,-6.438062071607957e-07,-0.028899927365116523,0.47113887853587366,3
6,-0.488467446148931,-0.6405780508653673,0.0003969153019824143,0.0008374522844095102,3
6,0.9969501524856391,-6.438062071607957e-07,-0.25059957455733817,0.6873784556320705,3
4,-0.4739433742641101,-1.4013706706694697,-0.07871815174705088,0.11976002029742261,3
8,-0.1896062908086753,-6.438062071607957e-07,-0.389013612988145,0.0488099355125004,3
10,0.5062177651827569,-6.438062071607957e-07,-0.5415946740393476,-0.20072030182336043,3
8,-0.2856313720519976,-6.438062071607957e-07,0.08759908314412573,0.7490054511787401,3
8,5.829117914994587,-6.438062071607957e-07,0.1102600753036036,0.7462812095401312,3
8,0.738930533883087,-6.438062071607957e-07,0.06265270596956758,0.7462812095401312,3
6,-0.4885424151638698,-6.438062071607957e-07,1.498814001371238,-0.7866366134117575,3
10,-0.18857703319732247,-6.438062071607957e-07,-0.028899927365116523,0.47113887853587366,3
